{"file_hashes":[{"block_hashes":["g5JH+1uPB/zqGU3kbpZyQY0b8fWjyILx38Va/0193C8="],"block_size":4096,"path":"asperaweb.js"},{"block_hashes":["hW0dclIbXVsC4006vcUlO3aeEdJoH9+2YRm4mTY9gcE="],"block_size":4096,"path":"background.html"},{"block_hashes":["7KD7HHjlMZdm30/byIIKx61T2zd7TC2R+98RYta4qM0=","WjcW2bx4m78wbC4moTFij9hRvs6bsRu1RvrQHlDJSXQ="],"block_size":4096,"path":"background.js"},{"block_hashes":["s4pRGI1O6oWys2ugMiTr3ArQjDmyNolhD4WzBAORgjE=","5TNfIYxUYb+ERBLrjji/gaaqPSFOTmZ+H2crCKs3f9c=","uUru2QyG+w0152sMeywJDemH+EgB2SQhjDbDzkYowhU=","3vj4BoOoUlGcwkiwDi34uzH2WSojgboOwTtuc/qmiBI=","+Lz3TRRcsBgifzl1yEaFstl3WJzYhnTiAjnYfonEBJU=","aZMe9bJbH+8ds4720UzjxYLz1O+HAuikz+cvpHitSXw=","ZhYWwJbWb6B74Xtoejt4h6B6ir4Ma1IiMsYCfLNApRw=","MwiD6U89Ug0a7uydJHRLy6JhkNN5klTsSVlmF49F8bo=","ZTvPJAa/vSh+qdEiVXtBVoCD4e62TcD5Fx0kYfUmEcU=","eBgy6VEa6nMzFKE9t6bWTvHraKbpv//PFqZ73nLcsLw=","45yZVC0ZoEDlgVtsUj3jY4/pAlDNPiWaY3S20fEMsb4=","wOT1gtgZtKec9C6Sg1UYqsKEQNb7Gf7EWcOShgFA9Ms="],"block_size":4096,"path":"backgroundScriptsAPIBridge.js"},{"block_hashes":["s4pRGI1O6oWys2ugMiTr3ArQjDmyNolhD4WzBAORgjE=","5TNfIYxUYb+ERBLrjji/gaaqPSFOTmZ+H2crCKs3f9c=","HaOzOFg1PRRs0D7QwkVt5e52m/9fgVYiGzxvNhLu3fg=","H4pSRunF9P4mZebD0JsxEvOANOLG7FQzs29FJ/LmJfI=","Bu71qwI8lzJ5xbyRWxN6AGhQ1B+8/vz6/ZBRYsuWknU="],"block_size":4096,"path":"contentScriptsAPIBridge.js"}],"version":2}