<?xml version="1.0" encoding="UTF-8"?>
<ASSETS>
  <ASSET>
    <FIELD NAME="UOI_ID" VALUE="13277988" />
    <FIELD NAME="WPR_ID" VALUE="031268" />
    <FIELD NAME="NAME" VALUE="Gr_LOGO.psb" />
    <FIELD NAME="ASSET_TYPE" VALUE="Title Treatment" />
    <FIELD NAME="MASTER_OBJ_MIME_TYPE" VALUE="application/photoshop" />
  </ASSET>
  <ASSET>
    <FIELD NAME="UOI_ID" VALUE="13769575" />
    <FIELD NAME="SEASON" VALUE="S1219" />
    <FIELD NAME="WPR_ID" VALUE="V17783" />
    <FIELD NAME="NAME" VALUE="spartacus_vengeance_gallery_2012_12.psb" />
    <FIELD NAME="COLOR_CATEGORY" VALUE="Color" />
    <FIELD NAME="ASSET_TYPE" VALUE="Photo" />
    <FIELD NAME="SUB_ASSET_TYPE" VALUE="Gallery" />
    <FIELD NAME="MASTER_OBJ_MIME_TYPE" VALUE="application/photoshop" />
    <FIELD NAME="VERIFICATION_CHECKSUM" VALUE="7d8fb67165979b77c0d3d4c51a9a86cf" />
  </ASSET>
</ASSETS>

