<!DOCTYPE TEAMS_ASSET_FILE SYSTEM "/apps01/esprit/data/Tasset.dtd"[<!ENTITY file0 SYSTEM "Tasset.xml" NDATA other_mxf >]> <TEAMS_ASSET_FILE>
  <ASSETS>
    <ASSET>
      <METADATA>
        <UOIS
          NAME="Tasset.xml">
          <FOX_METADATA
            TITLE="^40124"
            DIVISION="TV Distribution"
            DEPARTMENT="Servicing"
            ASSET_TYPE="Episode - Full Length"
            FOX_TERRITORY="Intl - Home Office"
            LANGUAGE="English"
            VIDEO_STANDARD="PAL"
            AUDIO_CHANNELS="Ch 1 and Ch 2 Stereo Comp; Ch 3 and Ch 4 Music and Effects"
            RESOLUTION="608i"
            QUALITY="Broadcast"
            LOCALIZATION="Original"
            MASTER_MEDIA_FORMAT="HDCAM - SR" />
          <SECURITY_POLICY_UOIS
            SEC_POLICY_ID="9526" />
          <SECURITY_POLICY_UOIS
            SEC_POLICY_ID="9528" />
          <SECURITY_POLICY_UOIS
            SEC_POLICY_ID="29029" />
        </UOIS>
      </METADATA>
      <CONTENT>
        <MASTER
          FILE="file0" />
      </CONTENT>
    </ASSET>
  </ASSETS>
</TEAMS_ASSET_FILE>
