S No,S No,Data 1
1,URL,https://dr.foxesprit.com
2,User,sreejits/abhishekjh/ravisankarb/sathyae
3,User Role,Administrator
4,Preferences,Generic for Everyone
5,Site,Portal
6,User Group,Everyone > z - test
7,Test Assets Folder,\\ffeusplmsvs07\ffe_share\It_inf\EMF_TestAsset
8,Title,ZZ - TEST TITLE
9,Division,<Any Division>
10,Fox Department,<Any Department>
11,Asset Type,<Any Asset Type>
12,Fox Territory,<Any Fox Territory>
13,Security Policy,z - test - All
14,Quick Search Criteria Used,<Any Valid Combinations>
15,Advanced Search Criteria Used,Title = 'ZZ - TEST TITLE' & 'Imported Date' = 'is today'/Title = 'ZZ - TEST TITLE' & 'Imported Date' = 'is yesterday'/Title = 'ZZ - TEST TITLE' & 'Imported Date' = 'in the last 7 days'
16,Keyword Search Criteria Used,ZZ - TEST TITLE/test/&/()/and
,,
,Note: The Above Data are some of the FIXED data being used. The Other Data that are used are as per the Test Cases & also Random.,
